{"cameraMode":{"drawMode":0,"name":"Shaded","section":"Shading Mode"},"sceneLighting":true,"audioPlay":false,"sceneViewState":{"m_AlwaysRefresh":false,"showFog":true,"showSkybox":true,"showFlares":true,"showImageEffects":true,"showParticleSystems":true,"showVisualEffectGraphs":true,"m_FxEnabled":true},"in2DMode":false,"pivot":{"x":0.8506940007209778,"y":-11.874054908752442,"z":9.405729293823243},"rotation":{"x":0.507946789264679,"y":0.006457210052758455,"z":-0.0038047335110604765,"w":0.8613678812980652},"size":22.471576690673829,"orthographic":false}